"Estacion,Lat,Lon,meses:1,3,6,9,12,24,36,48"
"E000V00003,-69.478,-17.595,0.236126765608788,0.353407919406891,0.548812031745911,0.523209691047668,0.480726659297943,0.573670327663422,1.13949012756348,0.447810113430023"
"E000V00002,-69.554,-18.197,0.0070645185187459,0.011052799411118,0.0172098446637392,0.0159367434680462,0.014795689843595,0.0229783188551664,0.999613702297211,0.01334307808429"
"E000180005,-70.34,-18.356,0.201080963015556,0.31742200255394,0.487788200378418,0.457663208246231,0.423742443323135,0.558260381221771,0.946687936782837,0.386340469121933"
"E000V00001,-69.857,-19.011,0.0173079185187817,0.0323580764234066,0.0483179204165936,0.0432142019271851,0.0408762358129025,0.107549160718918,0.122843720018864,0.0353967249393463"
"E000V00006,-68.638,-19.276,0.0231194011867046,0.036209050565958,0.0594613887369633,0.0509005971252918,0.0480924174189568,1.00022494792938,1.92116296291351,0.0399762056767941"
"E000V00005,-69.427,-19.313,0.0166436024010181,0.0338802747428417,0.0498883537948132,0.0435381792485714,0.0415843203663826,0.963111221790314,0.970287203788757,0.0350741073489189"
"E000V00007,-69.767,-19.996,0.00124071014579386,0.997446060180664,0.998696088790894,0.997890174388885,0.997811079025269,1.99452602863312,0.998774945735931,0.996994316577911"
"E000V00004,-70.117,-20.25,0.0434580817818642,0.14653354883194,0.19011390209198,0.164057523012161,0.160973966121674,0.270066678524017,0.181114926934242,0.133908465504646"
"E000V00008,-69.342,-20.501,0.955394446849823,0.975908100605011,1.93643021583557,0.992497682571411,0.990296244621277,1.01869297027588,1.00521099567413,0.0478744022548199"
"E000200006,-70.181,-20.549,0.160843506455421,0.301801770925522,0.462082386016846,0.385115504264832,0.370553374290466,0.512819468975067,0.429718554019928,0.285909205675125"
"E000V00011,-68.255,-21.224,0.00282040261663496,0.00348036549985409,1.99848628044128,1.00140738487244,1.00119590759277,1.99821519851685,1.00154089927673,1.00019347667694"
"E000V00013,-70.2,-22.091,0.534205615520477,0.771169304847717,1.71032536029816,1.37477946281433,1.32520520687103,1.66518759727478,1.366739153862,0.858376443386078"
"E000V00014,-69.666,-22.35,0.0894393995404243,0.138785511255264,1.9704498052597,1.07474315166473,1.06936395168304,1.96747493743896,1.06301474571228,0.132642462849617"
"E000220002,-68.892,-22.498,1.82416081428528,2.73831939697266,1.98015010356903,1.95787382125854,1.95411467552185,1.98067247867584,1.08011209964752,1.01111972332001"
"E000V00009,-69.32,-22.892,0.157319441437721,1.04873859882355,1.96596276760101,1.95106291770935,1.9455885887146,1.97504901885986,1.92409718036652,1.03140676021576"
"E000V00012,-68.213,-22.932,1.9572536945343,1.0095546245575,1.98725509643555,1.98958373069763,1.98733150959015,1.99086356163025,1.98360788822174,1.97369527816772"
"E000230001,-70.445,-23.454,0.802846193313599,1.06838953495026,1.63389623165131,1.62701678276062,1.56558167934418,1.71250820159912,1.74895036220551,1.47965514659882"
"E000V00166,-67.44,-23.6,1.93761134147644,0.0794941112399101,1.97907269001007,1.98647475242615,1.98109316825867,1.98170220851898,1.98590195178986,1.97621190547943"
"E000V00165,-68.57,-23.94,1.00463807582855,1.00169146060944,1.03800618648529,1.98090243339539,1.97725427150726,1.98524057865143,1.98800599575043,1.97844624519348"
"E000V00164,-69.69,-24.51,0.997256398200989,1.00207757949829,1.01183378696442,1.0149564743042,1.01452052593231,1.99153232574463,1.99425995349884,1.98964548110962"
"E000V00167,-69.3,-25,0.997701704502106,1.00075256824493,1.00425744056702,1.00696885585785,1.00610876083374,1.98908185958862,1.99153339862823,1.98856425285339"
"E000V00010,-70.484,-25.411,0.991451919078827,1.00606536865234,1.03204333782196,1.04899895191193,1.96557700634003,1.97965586185455,1.98891937732697,1.96657276153564"
"E000V00168,-69.27,-25.7,0.989639639854431,0.994373917579651,0.0406715832650661,0.0441725887358189,0.0423746295273304,1.01241946220398,1.01616203784943,1.01085615158081"
"E000V00169,-68.99,-26.25,0.000996034243144095,0.00118883291725069,0.00145905138924718,0.00158264255151153,0.00148948235437274,0.00171689421404153,0.0018731813179329,0.00169723550789058"
"E000V00016,-70.611,-26.332,0.963950991630554,1.01380622386932,1.13215231895447,1.95815062522888,1.16979658603668,1.95178771018982,1.96787559986115,1.09028816223145"
"E000V00017,-70.046,-26.391,0.962395012378693,1.00551307201385,1.90205419063568,1.95850884914398,1.92598378658295,1.94308471679688,1.95812916755676,1.06721389293671"
"E000V00170,-69.33,-27.07,0.969532668590546,0.999298453330994,1.94644975662231,1.96566486358643,1.95257115364075,1.94409358501434,1.9640908241272,1.94047784805298"
"E000270008,-70.781,-27.254,0.00790695007890463,1.00105094909668,1.00764954090118,2.00016760826111,1.99843525886536,1.99329006671906,1.0106555223465,1.00291585922241"
"E000270009,-70.353,-27.359,0.16787613928318,1.01696753501892,1.16020250320435,1.99680399894714,1.96604919433594,1.21898758411407,1.20753371715546,0.411036252975464"
"E000V00171,-69.81,-27.98,0.985201954841614,1.00250375270844,1.99470019340515,2.00466442108154,1.99843800067902,1.99170708656311,2.00537371635437,1.99475300312042"
"E000V00019,-71.225,-28.463,0.0187996942549944,0.0277971774339676,1.02573752403259,1.02916181087494,2.00148630142212,2.9777295589447,2.98639130592346,2.98395180702209"
"E000V00018,-70.449,-28.768,0.0311154406517744,0.0447121523320675,2.00147247314453,2.00618696212769,2.00250673294067,2.95689344406128,2.9791522026062,2.96746492385864"
"E000V00015,-70,-28.976,0.00608551409095526,0.0087703000754118,2.00130033493042,2.00208592414856,2.00061082839966,2.00151348114014,2.99613094329834,2.00404119491577"
"E000V00021,-71.116,-29.372,0.959843814373016,1.09016132354736,2.05718016624451,2.08287978172302,2.034334897995,2.70841145515442,2.87325859069824,2.83385062217712"
"E000290004,-71.207,-29.914,1.11073446273804,1.92866063117981,2.07002425193787,2.08007740974426,2.02939176559448,2.02915859222412,2.21414041519165,2.19321346282959"
"E000V00022,-70.721,-30.031,1.01506316661835,1.0342583656311,2.01631712913513,2.01875233650208,2.00636053085327,2.95360326766968,3.93577933311462,2.98223638534546"
"E000V00020,-71.082,-30.234,1.85006546974182,1.9283983707428,2.08740162849426,2.09607696533203,2.03242969512939,2.04325199127197,2.97910118103027,2.93959403038025"
"E000V00172,-71.72,-30.38,1.39873456954956,1.83177721500397,2.66068744659424,2.73459148406982,2.29883313179016,1.98730516433716,2.73584771156311,2.76205801963806"
"E000V00027,-70.937,-30.746,1.94404911994934,1.9848335981369,2.9678258895874,2.97460412979126,2.06481146812439,2.03565049171448,3.01383757591248,3.01463007926941"
"E000V00028,-71.256,-30.838,1.90537559986115,1.97632896900177,2.94712352752686,2.95906472206116,2.80628490447998,2.75318074226379,3.71502089500427,3.71905612945557"
"E000V00026,-70.999,-31.188,1.93665456771851,1.99413859844208,2.99132585525513,3.00090551376343,2.04664421081543,1.99301028251648,2.96221089363098,2.97251081466675"
"E000V00024,-71.413,-31.39,1.7743866443634,1.98781800270081,2.98888993263245,3.0286602973938,2.14952993392944,1.9354659318924,2.83436036109924,2.8835391998291"
"E000V00023,-71.152,-31.633,1.71303915977478,2.00761294364929,3.0277783870697,3.07977533340454,2.21162486076355,1.91356992721558,2.68927097320557,2.77183485031128"
"E000V00025,-70.97,-31.783,1.94368779659271,2.00547480583191,3.00986766815186,3.01898503303528,2.0482861995697,1.98742628097534,2.09681344032288,2.11319208145142"
"E000320019,-70.707,-32.076,1.7110732793808,2.62480711936951,3.66444420814514,3.70010137557983,3.42277526855469,2.52719020843506,3.3756148815155,3.46893787384033"
"E000V00035,-70.926,-32.251,1.10871732234955,2.02827906608582,3.12164783477783,3.1892101764679,2.85683393478394,1.93226063251495,2.20014405250549,2.91552090644836"
"E000V00174,-70.464,-32.343,0.567512392997742,2.06119537353516,3.11381983757019,3.15862131118774,2.3161518573761,1.36649417877197,2.25417804718018,2.34314513206482"
"E000V00033,-70.819,-32.362,1.18050920963287,2.14910578727722,3.45431184768677,3.51982975006104,2.87521576881409,1.95174181461334,2.67807507514954,2.92598366737366"
"E000V00034,-71.441,-32.505,1.33835196495056,2.11483526229858,3.29135799407959,3.5003137588501,2.67372727394104,1.69185662269592,2.44427537918091,2.72238540649414"
"E000V00175,-71.014,-32.54,1.83236527442932,2.00717210769653,3.05639243125916,3.8808650970459,2.12934327125549,1.93998801708221,2.07937741279602,2.94076919555664"
"E000V00041,-70.725,-32.594,1.06291925907135,2.01591658592224,3.19587969779968,3.28523230552673,2.39113974571228,1.46258950233459,2.26294684410095,2.45047807693481"
"E000V00176,-70.368,-32.618,0.898487746715546,1.99241924285889,3.02097678184509,3.0892698764801,2.25123834609985,1.29668867588043,2.15075349807739,2.26041531562805"
"E000V00040,-70.809,-32.757,1.02195155620575,2.00189971923828,3.0368378162384,3.08997368812561,2.76179194450378,1.79438138008118,2.07079195976257,2.78128337860107"
"E000V00031,-71.526,-32.789,1.50219213962555,2.33320021629333,3.52100396156311,3.70963382720947,3.00084710121155,1.73801791667938,2.58293104171753,2.82022404670715"
"E000V00037,-71.173,-32.79,1.69400000572205,2.04261684417725,3.69104194641113,3.86905717849731,2.80263829231262,1.79898381233215,2.71593713760376,2.91877627372742"
"E000320028,-71.227,-32.828,1.69400000572205,2.04261684417725,3.69104194641113,3.86905717849731,2.80263829231262,1.79898381233215,2.71593713760376,2.91877627372742"
"E000V00032,-70.382,-32.89,0.895175635814667,1.9714789390564,2.99204015731812,3.07600116729736,2.38980531692505,1.4047976732254,2.08995032310486,2.31581425666809"
"E000V00036,-71.207,-32.893,1.01528060436249,2.00777888298035,3.01785445213318,3.98934435844421,2.03097939491272,1.02582514286041,2.01868796348572,2.99246954917908"
"E000V00030,-71.517,-32.917,1.75035226345062,2.71363472938538,3.8024959564209,3.89072895050049,3.5457124710083,1.88050043582916,2.79395985603333,2.92646074295044"
"E000V00042,-71.261,-32.994,1.01528060436249,2.00777888298035,3.01785445213318,3.98934435844421,2.03097939491272,1.02582514286041,2.01868796348572,2.99246954917908"
"E000330002,-71.648,-33.023,1.44149816036224,2.37070226669312,3.53519010543823,3.67098999023438,3.05242514610291,1.76648581027985,2.58404135704041,2.78998804092407"
"E000330007,-71.556,-33.065,1.75035226345062,2.71363472938538,3.8024959564209,3.89072895050049,3.5457124710083,1.88050043582916,2.79395985603333,2.92646074295044"
"E000V00029,-71.4,-33.083,1.75035226345062,2.71363472938538,3.8024959564209,3.89072895050049,3.5457124710083,1.88050043582916,2.79395985603333,2.92646074295044"
"E000V00051,-70.834,-33.121,0.93625795841217,1.99168336391449,3.03606104850769,3.14027428627014,2.44413208961487,1.63890600204468,2.10890579223633,2.4253671169281"
"E000V00050,-70.66,-33.147,0.608518481254578,1.97806429862976,2.9897289276123,3.06147336959839,2.33970642089844,1.41773152351379,2.05000877380371,2.25357723236084"
"E000V00177,-71.46,-33.23,1.09419667720795,2.08276653289795,3.86725473403931,3.91204285621643,2.27809143066406,1.92946171760559,2.16101741790771,2.93766736984253"
"E000V00178,-71.155,-33.287,1.08761823177338,2.08898329734802,3.22843718528748,3.67741465568542,2.71091985702515,1.71119356155396,2.21550536155701,2.74757647514343"
"E000V00046,-70.502,-33.353,0.792783439159393,1.96068215370178,2.96284532546997,3.02515268325806,2.6177499294281,1.33323764801025,2.04344701766968,2.18287897109985"
"E000330021,-70.787,-33.378,0.0767930820584297,1.98729050159454,2.98649668693542,3.00473308563232,2.04318594932556,1.04160690307617,2.00553011894226,2.01523399353027"
"E000V00043,-70.733,-33.42,0.0767930820584297,1.98729050159454,2.98649668693542,3.00473308563232,2.04318594932556,1.04160690307617,2.00553011894226,2.01523399353027"
"E000V00055,-71.026,-33.439,0.847171783447266,1.97738099098206,2.98552823066711,3.07418704032898,2.14586019515991,1.15736830234528,2.04595041275024,2.12368392944336"
"E000V00038,-71.624,-33.439,1.10863196849823,2.02496767044067,3.65712308883667,3.74332237243652,2.78895926475525,1.82743155956268,2.67735075950623,2.81949639320374"
"E000330020,-70.683,-33.445,0.0767930820584297,1.98729050159454,2.98649668693542,3.00473308563232,2.04318594932556,1.04160690307617,2.00553011894226,2.01523399353027"
"E000330019,-70.549,-33.455,0.836503744125366,1.95977640151978,2.95515513420105,2.99757099151611,2.77585959434509,1.71698081493378,2.01425814628601,2.03898119926453"
"E000V00044,-70.7,-33.467,0.0767930820584297,1.98729050159454,2.98649668693542,3.00473308563232,2.04318594932556,1.04160690307617,2.00553011894226,2.01523399353027"
"E000V00047,-70.766,-33.517,0.0767930820584297,1.98729050159454,2.98649668693542,3.00473308563232,2.04318594932556,1.04160690307617,2.00553011894226,2.01523399353027"
"E000V00039,-71.596,-33.543,1.10863196849823,2.02496767044067,3.65712308883667,3.74332237243652,2.78895926475525,1.82743155956268,2.67735075950623,2.81949639320374"
"E000V00045,-70.548,-33.545,0.836503744125366,1.95977640151978,2.95515513420105,2.99757099151611,2.77585959434509,1.71698081493378,2.01425814628601,2.03898119926453"
"E000V00058,-70.902,-33.608,0.847171783447266,1.97738099098206,2.98552823066711,3.07418704032898,2.14586019515991,1.15736830234528,2.04595041275024,2.12368392944336"
"E000V00048,-70.567,-33.617,0.836503744125366,1.95977640151978,2.95515513420105,2.99757099151611,2.77585959434509,1.71698081493378,2.01425814628601,2.03898119926453"
"E000330031,-78.833,-33.636,1.11337220668793,1.6958327293396,2.3839647769928,2.47346568107605,2.19431710243225,1.23907017707825,2.17616438865662,2.2645857334137"
"E000330030,-71.613,-33.656,1.20968592166901,1.99214243888855,3.35755705833435,3.48901915550232,2.59264993667603,1.73583924770355,2.459881067276,2.70643305778503"
"E000V00049,-70.089,-33.676,0.295069575309753,1.34401392936707,2.3136625289917,2.39337420463562,2.146644115448,1.03737533092499,2.03697681427002,2.08137607574463"
"E000V00057,-71.101,-33.692,0.789085209369659,1.92250120639801,2.86919760704041,3.05286931991577,2.17209672927856,1.19924557209015,2.05822920799255,2.148597240448"
"E000V00052,-70.707,-33.707,0.274747908115387,1.41732311248779,2.38850426673889,3.00394177436829,2.12748408317566,1.12563073635101,2.0208215713501,2.053795337677"
"E000V00053,-70.639,-33.862,0.274747908115387,1.41732311248779,2.38850426673889,3.00394177436829,2.12748408317566,1.12563073635101,2.0208215713501,2.053795337677"
"E000V00179,-70.22,-33.878,0.314037829637527,1.40320432186127,2.341064453125,2.47613096237183,2.14841747283936,0.758290708065033,2.03188395500183,2.07880711555481"
"E000V00056,-71.394,-33.941,0.993504762649536,1.97700226306915,3.00145792961121,3.1499559879303,2.28377747535706,1.73739635944366,2.13916325569153,2.68865585327148"
"E000V00068,-71.825,-33.959,1.01910269260406,1.98870158195496,3.02428960800171,3.67903423309326,2.78006505966187,1.85859644412994,2.12594747543335,2.8277006149292"
"E000V00064,-70.717,-33.983,0.118541099131107,1.93971359729767,2.86569952964783,2.99261903762817,2.03863644599915,1.03921318054199,2.00818610191345,2.02498984336853"
"E000V00054,-70.995,-34.029,0.953157067298889,1.98577094078064,2.11193346977234,3.00343918800354,2.02776312828064,1.03743767738342,2.00805854797363,2.0281810760498"
"E000V00059,-70.772,-34.169,0.197601929306984,1.95332384109497,2.19733262062073,2.97644257545471,2.05130434036255,1.05162394046783,2.00463318824768,2.0318021774292"
"E000V00180,-70.402,-34.203,0.300096333026886,1.47721123695374,2.30724883079529,2.53105401992798,2.11360836029053,1.06398403644562,2.01770997047424,2.06593918800354"
"E000V00061,-70.997,-34.215,0.933570861816406,1.98925137519836,2.91855549812317,2.99849081039429,2.02673077583313,1.03718197345734,2.00209140777588,2.02410054206848"
"E000V00062,-71.3,-34.217,0.956205427646637,1.98030698299408,2.92695212364197,3.01119208335876,2.10239005088806,1.79143607616425,2.01921558380127,2.74649739265442"
"E000V00060,-70.948,-34.261,0.933570861816406,1.98925137519836,2.91855549812317,2.99849081039429,2.02673077583313,1.03718197345734,2.00209140777588,2.02410054206848"
"E000V00066,-70.812,-34.279,0.197601929306984,1.95332384109497,2.19733262062073,2.97644257545471,2.05130434036255,1.05162394046783,2.00463318824768,2.0318021774292"
"E000V00065,-70.834,-34.322,0.197601929306984,1.95332384109497,2.19733262062073,2.97644257545471,2.05130434036255,1.05162394046783,2.00463318824768,2.0318021774292"
"E000V00067,-72.019,-34.394,1.00714552402496,1.98287630081177,2.95704460144043,3.0225396156311,2.58563303947449,1.87423992156982,2.71085858345032,2.81124234199524"
"E000V00063,-70.21,-34.411,0.244787484407425,1.28116714954376,2.20695614814758,2.30035829544067,2.09318208694458,0.500195264816284,2.0167453289032,2.05453562736511"
"E000V00071,-71.463,-34.485,0.998426198959351,1.99287843704224,2.97992968559265,3.00428891181946,2.87169289588928,1.945157289505,2.01762294769287,2.87759518623352"
"E000V00069,-71.898,-34.645,1.00966906547546,1.98392474651337,2.9516339302063,3.00637769699097,2.14392805099487,1.88970029354095,2.69033098220825,2.82201623916626"
"E000V00072,-71.4,-34.691,1.02682888507843,1.97757530212402,2.9309995174408,3.00353908538818,2.21679735183716,1.83357071876526,2.03752303123474,2.18282437324524"
"E000V00070,-71.63,-34.714,1.01202607154846,1.97942769527435,2.93865275382996,3.01001644134521,2.18038439750671,1.85515904426575,2.26549196243286,2.45310544967651"
"E000340044,-71.02,-34.721,1.85611820220947,1.98769736289978,2.9577739238739,2.98375248908997,3.76658391952515,1.91387248039246,0.268357276916504,1.14819049835205"
"E000V00181,-70.52,-34.781,0.0739852115511894,1.07717788219452,2.05175971984863,2.07483148574829,2.02703261375427,1.02039301395416,1.99888706207275,2.01035284996033"
"E000V00086,-72.026,-34.855,1.00966906547546,1.98392474651337,2.9516339302063,3.00637769699097,2.14392805099487,1.88970029354095,2.69033098220825,2.82201623916626"
"E000V00084,-71.125,-34.96,1.11875438690186,1.95112407207489,2.72123312950134,2.8357880115509,2.34135937690735,1.32363164424896,1.83237886428833,1.93878471851349"
"E000V00083,-71.832,-34.968,1.01699769496918,1.9826226234436,2.94127440452576,3.01618003845215,2.14508676528931,1.87910044193268,2.1333532333374,2.77185082435608"
"E000340031,-71.217,-34.969,1.76558935642242,1.98987567424774,2.96243333816528,2.99618077278137,2.82570314407349,1.84617006778717,1.24476277828217,1.2735208272934"
"E000V00085,-70.811,-35,0.977032244205475,1.95294451713562,2.1502833366394,2.2076108455658,2.09025359153748,1.08240926265717,1.97995698451996,2.01415657997131"
"E000V00076,-71.956,-35.128,1.02863192558289,1.97381913661957,2.89519262313843,3.02833795547485,2.25665211677551,1.81809687614441,2.25034260749817,2.75566649436951"
"E000V00182,-70.83,-35.398,1.0027664899826,1.94577956199646,2.32258105278015,2.9350528717041,2.157958984375,1.15695428848267,2.05727696418762,2.08692049980164"
"E000V00079,-71.467,-35.419,1.01914501190186,1.98283243179321,2.92473983764648,3.68058824539185,2.83391356468201,1.86260604858398,2.79096388816833,2.69365930557251"
"E000V00078,-71.7,-35.533,1.01345419883728,1.98923182487488,2.95195412635803,3.7674868106842,2.88767862319946,1.91874372959137,2.8684446811676,2.876877784729"
"E000V00074,-71.454,-35.663,1.02305686473846,1.98147296905518,2.90534925460815,3.46257257461548,2.82104825973511,1.83709979057312,2.78918981552124,2.38089323043823"
"E000V00077,-72.082,-35.672,1.04745209217072,1.97664487361908,2.85862898826599,3.00528311729431,2.77332592010498,1.793665766716,2.74062752723694,2.74584579467773"
"E000V00080,-71.062,-35.699,1.01383364200592,1.97663033008575,2.85284638404846,2.99182963371277,2.10518598556519,1.10584986209869,2.06676292419434,2.06514263153076"
"E000V00081,-72.511,-35.707,1.01262581348419,1.99458074569702,2.95874357223511,2.98398900032043,2.95236277580261,1.95161354541779,2.9477014541626,2.95154643058777"
"E000V00075,-71.631,-35.753,1.03849029541016,1.97644293308258,2.87330174446106,3.14069795608521,2.7746365070343,1.79987454414368,2.73722791671753,2.70070385932922"
"E000V00082,-72.587,-35.836,1.01262581348419,1.99458074569702,2.95874357223511,2.98398900032043,2.95236277580261,1.95161354541779,2.9477014541626,2.95154643058777"
"E000V00183,-71.05,-36.06,1.018630027771,1.97657370567322,2.17346477508545,2.97092890739441,2.08004117012024,1.07478880882263,2.05299663543701,2.05223298072815"
"E000V00087,-72.783,-36.133,1.11896085739136,1.97635090351105,2.13602042198181,2.8039915561676,2.52323937416077,1.47432565689087,2.52260065078735,2.52539324760437"
"E000V00073,-71.548,-36.257,1.02095997333527,1.98901343345642,2.92267298698425,2.95928859710693,2.04085040092468,1.87480199337006,2.02771544456482,2.01779317855835"
"E000V00091,-71.9,-36.292,1.13016068935394,2.01091742515564,2.77111387252808,2.91579985618591,2.75270557403564,1.71562731266022,2.67619109153748,2.16321682929993"
"E000V00090,-72.64,-36.43,1.07490122318268,1.99159944057465,2.03025817871094,2.82950925827026,2.04547762870789,1.02018737792969,2.07733559608459,2.07690715789795"
"E000V00088,-72.699,-36.492,1.07490122318268,1.99159944057465,2.03025817871094,2.82950925827026,2.04547762870789,1.02018737792969,2.07733559608459,2.07690715789795"
"E000V00092,-71.549,-36.56,1.05943274497986,1.95914626121521,2.17055487632751,2.22930979728699,1.42002391815186,0.406863123178482,1.38999974727631,1.38001263141632"
"E000360011,-72.037,-36.586,1.66039049625397,2.51808738708496,2.75691628456116,3.38431477546692,3.27059674263,2.18728804588318,2.68114876747131,2.61320757865906"
"E000V00089,-72.603,-36.625,1.30535233020782,1.97205007076263,2.1121563911438,2.32080769538879,2.16271185874939,0.941395461559296,2.21842503547668,2.22878885269165"
"E000V00099,-72.965,-36.672,1.97228467464447,1.99684226512909,2.00515294075012,2.01676321029663,2.00937294960022,0.999996483325958,2.01173281669617,2.00989103317261"
"E000V00096,-72.704,-36.697,1.19515490531921,1.98241424560547,2.03816890716553,2.14661979675293,2.06400203704834,0.993118643760681,2.61255240440369,2.605952501297"
"E000V00098,-72.983,-36.733,1.97228467464447,1.99684226512909,2.00515294075012,2.01676321029663,2.00937294960022,0.999996483325958,2.01173281669617,2.00989103317261"
"E000360019,-73.066,-36.781,1.97228467464447,1.99684226512909,2.00515294075012,2.01676321029663,2.00937294960022,0.999996483325958,2.01173281669617,2.00989103317261"
"E000V00184,-71.5,-36.88,1.16337990760803,1.43538320064545,2.1039719581604,2.16760635375977,2.06820511817932,0.32281231880188,2.02262949943542,2.03584313392639"
"E000V00093,-72.099,-36.977,1.81614029407501,1.96139454841614,2.07970237731934,2.15275144577026,2.10187244415283,0.297777384519577,1.65324151515961,2.05650496482849"
"E000V00095,-73.14,-37.005,1.43591511249542,1.89091920852661,2.0918653011322,2.30641222000122,2.2283148765564,0.948571801185608,2.19354557991028,2.11197638511658"
"E000V00106,-72.403,-37.035,1.73812925815582,1.96013927459717,2.06591725349426,2.19585013389587,2.1355140209198,0.445097178220749,2.07925534248352,2.08811092376709"
"E000V00097,-73.155,-37.092,1.43591511249542,1.89091920852661,2.0918653011322,2.30641222000122,2.2283148765564,0.948571801185608,2.19354557991028,2.11197638511658"
"E000V00105,-71.245,-37.111,1.10430264472961,1.8403834104538,2.09503531455994,2.14900469779968,2.05870008468628,0.283266425132751,2.02871465682983,2.03655910491943"
"E000V00094,-72.012,-37.141,1.90254950523376,1.96211159229279,2.0299117565155,2.06544017791748,2.04547643661499,0.146643936634064,1.99746966362,2.02376294136047"
"E000V00108,-72.946,-37.167,1.24221646785736,1.93085289001465,2.04045963287354,2.71135139465332,2.68116044998169,0.939167141914368,2.57828187942505,2.05028176307678"
"E000V00107,-72.328,-37.213,1.85678911209106,1.95366227626801,2.04308104515076,2.16115665435791,2.13212418556213,0.344857454299927,2.00902986526489,2.04019808769226"
"E000V00111,-71.949,-37.293,1.90254950523376,1.96211159229279,2.0299117565155,2.06544017791748,2.04547643661499,0.146643936634064,1.99746966362,2.02376294136047"
"E000V00100,-73.437,-37.305,1.07674205303192,1.92518317699432,2.02940940856934,2.07546877861023,2.05672788619995,0.948227286338806,2.04348182678223,2.03315782546997"
"E000V00185,-71.566,-37.323,1.16365218162537,1.33831095695496,2.06374311447144,2.10795545578003,2.05831599235535,0.230070918798447,2.02843737602234,2.03925776481628"
"E000370033,-72.424,-37.397,1.75766110420227,1.89210021495819,2.05143570899963,2.53692364692688,2.50822687149048,1.09064316749573,2.06293916702271,2.05789637565613"
"E000V00186,-72.83,-37.418,1.73117530345917,1.89088451862335,2.0447883605957,2.6231324672699,2.59815692901611,0.844609081745148,2.084153175354,2.05368685722351"
"E000V00103,-73.33,-37.485,1.09128928184509,1.86908388137817,2.02499890327454,2.08830666542053,2.07512283325195,0.883910417556763,2.04698085784912,2.03056454658508"
"E000V00110,-71.875,-37.536,1.69436478614807,1.81528794765472,2.06060647964478,2.11692976951599,2.07930731773376,0.3258296251297,2.04060649871826,2.0538637638092"
"E000V00104,-73.462,-37.627,1.10432100296021,1.32970547676086,2.04005098342896,2.09188795089722,2.07872128486633,0.371713191270828,2.05975365638733,2.05385208129883"
"E000V00109,-72.007,-37.685,1.87956190109253,1.92535519599915,2.02426409721375,2.05320286750793,2.04301834106445,0.865988612174988,2.0262131690979,2.0287663936615"
"E000V00116,-72.605,-37.726,1.7373229265213,1.83588349819183,2.04332804679871,2.14819574356079,2.1337628364563,0.354293018579483,2.05975246429443,2.055823802948"
"E000V00101,-73.412,-37.892,1.20256161689758,1.48582923412323,2.07654094696045,2.15967655181885,2.15333104133606,0.595269322395325,2.12807822227478,2.12305736541748"
"E000V00102,-73.097,-37.95,1.12078130245209,1.21200323104858,2.03192639350891,2.07869982719421,2.07881355285645,0.238242119550705,2.05908608436584,2.05267071723938"
"E000V00112,-71.435,-38.057,1.83698999881744,1.89552235603333,2.03353357315063,2.0897331237793,2.07718110084534,0.895150721073151,2.07079124450684,2.07364940643311"
"E000V00114,-72.298,-38.146,1.02082991600037,1.02973544597626,2.00801587104797,2.01250886917114,2.01485323905945,0.0435243882238865,2.0178427696228,2.01591205596924"
"E000V00117,-72.273,-38.228,1.02082991600037,1.02973544597626,2.00801587104797,2.01250886917114,2.01485323905945,0.0435243882238865,2.0178427696228,2.01591205596924"
"E000V00113,-71.233,-38.25,1.99280619621277,1.99529695510864,2.00151085853577,2.98693919181824,2.98649978637695,0.995353698730469,2.98637771606445,2.98651957511902"
"E000V00188,-72.956,-38.207,1.04508852958679,1.07919049263,2.01384258270264,2.02876758575439,2.03603863716125,0.107882633805275,2.03396344184875,2.03052067756653"
"E000V00187,-71.75,-38.414,1.11618328094482,1.15349996089935,2.03238725662231,2.05640554428101,2.0632598400116,0.205122619867325,2.08012771606445,2.07695031166077"
"E000V00121,-72.399,-38.435,1.17322421073914,1.22927033901215,2.16127300262451,2.18691945075989,2.28643536567688,0.572752416133881,2.34156942367554,2.26482176780701"
"E000V00129,-72.85,-38.446,1.12605607509613,1.18942523002625,2.06668043136597,2.09803032875061,2.16494345664978,0.377868741750717,2.18228435516357,2.14677143096924"
"E000V00126,-72.224,-38.675,1.14727056026459,1.17305016517639,2.16662549972534,2.17711091041565,2.27568006515503,1.06925559043884,2.8858425617218,2.80546188354492"
"E000V00115,-71.141,-38.732,1.79058301448822,1.83866548538208,2.03529644012451,2.07201814651489,2.07452368736267,0.224988013505936,2.07899379730225,2.08211517333984"
"E000380013,-72.46,-38.768,1.8665406703949,1.88007473945618,3.67760300636292,3.68456053733826,4.54124069213867,3.45683646202087,4.56496429443359,3.72295451164246"
"E000V00120,-71.683,-38.834,1.15328323841095,1.18448233604431,2.04185485839844,2.06039524078369,2.07885599136353,0.274192541837692,2.11184430122375,2.10620498657227"
"E000V00128,-72.787,-39.022,1.02937066555023,1.04502391815186,1.17239034175873,1.21456170082092,2.04387497901917,0.155247405171394,2.05183219909668,2.04293346405029"
"E000V00127,-72.252,-39.007,1.0016530752182,1.00189566612244,2.00096774101257,2.00106310844421,2.00192070007324,0.00602373108267784,2.00370907783508,2.00323820114136"
"E000V00122,-72.922,-39.071,1.08001315593719,1.14946615695953,1.37609374523163,1.9161092042923,2.09970879554749,0.316330969333649,2.11525511741638,2.1058611869812"
"E000V00118,-72.615,-39.103,1.20979619026184,1.26174294948578,2.13918781280518,2.16966795921326,2.38304018974304,1.03290605545044,2.47604131698608,2.37042117118835"
"E000V00124,-73.133,-39.165,1.19433426856995,1.49043130874634,1.89535057544708,1.98360753059387,2.28058362007141,0.892711460590363,2.31869125366211,2.32717657089233"
"E000V00125,-72.261,-39.196,1.07706332206726,1.08385562896729,2.01372075080872,2.01430630683899,2.04112958908081,0.928248047828674,2.82006239891052,2.81492066383362"
"E000V00119,-71.868,-39.262,1.76957774162292,1.34529948234558,2.03109455108643,2.02887463569641,2.05931401252747,0.68863832950592,2.0862991809845,2.08592200279236"
"E000V00123,-71.926,-39.289,1.798264503479,1.61781334877014,2.02042484283447,2.01916265487671,2.04565691947937,0.405457764863968,2.10158753395081,2.09830570220947"
"E000V00189,-72.55,-39.373,1.1307018995285,1.18710196018219,1.99907827377319,2.01480484008789,2.12499856948853,0.900934100151062,2.22913837432861,2.21288466453552"
"E000V00190,-73.177,-39.39,1.17336845397949,1.69667041301727,1.98569047451019,1.97830891609192,2.48632574081421,1.28546941280365,2.52509164810181,2.54118967056274"
"E000V00131,-72.95,-39.632,1.11666882038116,1.87984454631805,2.00851130485535,1.98508095741272,2.72427439689636,1.64761078357697,2.74038481712341,2.74907255172729"
"E000390006,-73.087,-39.657,1.11666882038116,1.87984454631805,2.00851130485535,1.98508095741272,2.72427439689636,1.64761078357697,2.74038481712341,2.74907255172729"
"E000V00130,-72.501,-39.863,1.70318126678467,1.80835378170013,2.02368235588074,1.99137425422668,2.13694596290588,0.963519930839539,2.12003135681152,2.12702631950378"
"E000V00191,-71.91,-39.88,1.75544798374176,1.8313615322113,2.08667707443237,1.98169004917145,2.16100120544434,0.391823172569275,2.08142185211182,2.09733819961548"
"E000V00132,-72.927,-40.096,1.25004374980927,1.86716282367706,2.02839827537537,1.96839463710785,2.15894961357117,1.08689224720001,2.19191431999207,2.20834493637085"
"E000V00134,-72.415,-40.134,1.72634088993073,1.86350274085999,2.08502221107483,1.941854596138,2.54817700386047,0.910910546779633,2.10612607002258,2.12996768951416"
"E000V00193,-73.647,-40.168,1.29302847385406,1.58946859836578,2.06230235099792,1.75240731239319,2.07822299003601,1.07381129264832,2.33141875267029,2.46905970573425"
"E000V00133,-73.024,-40.317,1.84864962100983,1.95098602771759,2.02051210403442,1.9862105846405,2.04389071464539,1.0251270532608,2.06426596641541,2.07166147232056"
"E000V00135,-72.979,-40.323,1.84864962100983,1.95098602771759,2.02051210403442,1.9862105846405,2.04389071464539,1.0251270532608,2.06426596641541,2.07166147232056"
"E000V00139,-73.308,-40.348,1.30726718902588,1.4342348575592,2.04601097106934,1.94692063331604,2.09261417388916,1.49776577949524,2.60124778747559,2.62654137611389"
"E000V00192,-72,-40.52,1.99225258827209,1.99574375152588,2.98752427101135,1.99745416641235,2.9883189201355,0.0101878494024277,2.00181198120117,2.00283622741699"
"E000400009,-73.058,-40.614,1.77605366706848,1.88213491439819,2.33754348754883,2.1561496257782,2.63273525238037,1.30853497982025,2.47877836227417,2.50436592102051"
"E000V00194,-72.116,-40.623,1.99225258827209,1.99574375152588,2.98752427101135,1.99745416641235,2.9883189201355,0.0101878494024277,2.00181198120117,2.00283622741699"
"E000V00136,-73.152,-40.765,1.79979062080383,1.88250172138214,2.08922028541565,1.29050433635712,2.0924026966095,1.03236854076385,2.78635239601135,2.82531213760376"
"E000V00138,-73.157,-40.861,1.79979062080383,1.88250172138214,2.08922028541565,1.29050433635712,2.0924026966095,1.03236854076385,2.78635239601135,2.82531213760376"
"E000V00195,-73.815,-40.873,1.1263929605484,1.79383051395416,2.02558159828186,1.21241581439972,1.94742524623871,0.967473804950714,2.12367153167725,2.76702427864075"
"E000V00137,-72.886,-40.957,1.29674470424652,1.79355502128601,2.06712126731873,1.15343534946442,1.49579226970673,0.521334648132324,2.28438568115234,2.35018229484558"
"E000V00142,-73.377,-41.115,1.2038379907608,1.4179253578186,2.04397463798523,1.19654035568237,1.57088303565979,0.616692364215851,2.20331406593323,2.40387511253357"
"E000V00197,-72.339,-41.142,1.10045266151428,1.85794925689697,2.04945540428162,1.10657799243927,1.89788734912872,0.237975284457207,1.93815994262695,2.08728981018066"
"E000V00143,-73.009,-41.259,1.00233507156372,1.00878214836121,2.00340700149536,0.0209808442741632,0.0276833958923817,0.0150015810504556,2.00477504730225,2.00926804542542"
"E000V00196,-73.809,-41.359,1.04189658164978,1.18867385387421,2.00108528137207,0.504196524620056,1.27783870697021,0.916038691997528,2.04187107086182,2.7837860584259"
"E000410005,-73.096,-41.448,1.03177797794342,1.73443865776062,2.59242272377014,2.15572381019592,2.86707162857056,1.9886212348938,2.6098747253418,3.28779411315918"
"E000V00198,-72.275,-41.579,1.02438199520111,1.92297744750977,2.00780248641968,0.256357908248901,1.16146814823151,0.105217441916466,1.18871676921844,2.03675222396851"
"E000V00144,-73.672,-41.71,0.806509852409363,1.12472975254059,1.76591980457306,0.867265462875366,1.2381340265274,0.672395467758179,1.80138909816742,2.31872701644897"
"E000V00140,-72.435,-41.938,0.785175621509552,1.13851022720337,1.74981367588043,0.954496443271637,1.30562281608582,0.499679356813431,1.64053964614868,2.14158821105957"
"E000V00141,-71.865,-42.075,0.994461596012115,1.35452127456665,1.92642486095428,1.34503066539764,1.7127548456192,0.634733617305756,1.81220090389252,2.08991503715515"
"E000V00151,-72.417,-42.1,0.785175621509552,1.13851022720337,1.74981367588043,0.954496443271637,1.30562281608582,0.499679356813431,1.64053964614868,2.14158821105957"
"E000V00149,-73.49,-42.157,0.101081147789955,0.789162635803223,1.09474360942841,0.14095813035965,0.177054584026337,0.0831654369831085,1.09508216381073,2.00964164733887"
"E000V00199,-74.078,-42.285,0.0891156494617462,0.141204074025154,1.08106541633606,0.1210867613554,0.150031343102455,0.072041317820549,1.07953119277954,1.1846045255661"
"E000V00201,-72.663,-42.355,0.247029379010201,0.354012072086334,1.23576498031616,0.366165101528168,0.463357180356979,0.191063240170479,1.22580790519714,2.03934788703918"
"E000V00147,-73.568,-42.404,0.133093133568764,0.256075829267502,1.12205612659454,0.198102161288261,0.244537949562073,0.109479524195194,1.11868703365326,1.99501991271973"
"E000V00148,-73.633,-42.583,0.182741224765778,0.321634203195572,1.16568326950073,0.26471272110939,0.324342161417007,0.14962974190712,1.15648066997528,1.93556213378906"
"E000V00146,-73.789,-42.704,0.0384577289223671,0.0627692639827728,1.03422164916992,0.0584575310349464,0.0709085464477539,0.0320049300789833,1.02927613258362,1.98886787891388"
"E000V00145,-72.717,-42.883,0.130280241370201,0.174329563975334,1.12375664710999,0.955401539802551,1.06981265544891,0.126906305551529,1.12153851985931,1.91055643558502"
"E000430002,-71.852,-43.189,0.116532549262047,0.145922407507896,1.90570592880249,1.86123061180115,2.69730663299561,1.70949602127075,1.9052460193634,1.13491916656494"
"E000V00200,-74.295,-43.208,0.0302610285580158,0.99372798204422,1.02532887458801,0.0468505509197712,0.0544625334441662,0.0260430425405502,0.0726810172200203,1.0448215007782"
"E000V00202,-72.85,-43.364,0.17414927482605,0.224093332886696,1.16312205791473,0.434521943330765,1.12184548377991,0.178693875670433,1.16166377067566,1.32322323322296"
"E000V00150,-72.126,-43.474,0.169568300247192,0.199080541729927,1.19082725048065,1.12133383750916,1.21738886833191,0.241283237934113,1.19215786457062,1.19824051856995"
"E000430004,-71.801,-43.612,0.369697272777557,0.450210750102997,1.64034748077393,1.52526128292084,1.94315695762634,0.984493017196655,1.6437486410141,1.40801191329956"
"E000V00153,-73.74,-43.89,0.783536851406097,1.02332961559296,1.56106281280518,1.20363807678223,1.38969457149506,0.73826801776886,1.52845573425293,1.82943964004517"
"E000V00152,-72.387,-43.917,0.92395293712616,0.952442288398743,1.88668346405029,1.83101606369019,1.89548647403717,0.936162114143372,1.89451515674591,1.92245280742645"
"E000V00154,-71.847,-44.24,0.835739254951477,0.939125895500183,1.67520415782928,1.58705103397369,1.81322407722473,0.931061923503876,1.72317230701447,1.78588259220123"
"E000V00203,-73.097,-44.729,1.892085313797,1.90148270130157,1.95018649101257,1.95516872406006,1.9756726026535,1.89355361461639,1.97082948684692,1.97355782985687"
"E000450001,-72.677,-45.399,1.0412677526474,1.02584648132324,1.08874297142029,1.95786964893341,2.00854682922363,1.05168926715851,1.95313358306885,1.13996028900146"
"E000450004,-72.102,-45.591,1.79013705253601,1.00657165050507,1.88623070716858,2.70228242874146,3.55720782279968,1.88187205791473,1.93666279315948,1.94679009914398"
"E000450005,-71.678,-45.918,1.0310891866684,0.955418467521667,1.80341279506683,1.84479784965515,2.68220996856689,2.57733249664307,1.84512722492218,1.93033707141876"
"E000V00157,-71.941,-46.278,1.00856304168701,0.0957459360361099,0.127068042755127,0.142351120710373,0.171383246779442,0.137556359171867,0.153858467936516,1.0834596157074"
"E000V00205,-74.778,-46.355,0.0549949295818806,0.0650241002440453,0.0759231522679329,0.0752409920096397,1.02620053291321,0.99627274274826,1.03018856048584,1.99115383625031"
"E000V00204,-73.336,-46.569,1.90103662014008,1.91441488265991,0.122934423387051,0.149332046508789,0.165649846196175,1.01780498027802,1.05826342105865,1.97834479808807"
"E000460001,-71.685,-46.585,1.00758850574493,1.71088814735413,1.75679123401642,1.77991926670074,1.81939339637756,1.76685392856598,2.57708597183228,2.68696713447571"
"E000470001,-72.583,-47.244,0.996574997901917,1.9464955329895,1.94927370548248,3.84508991241455,3.85190439224243,2.88937950134277,2.91004395484924,1.98629415035248"
"E000V00156,-73.536,-47.8,0.02139444462955,0.0259773302823305,0.0261264089494944,0.0325181968510151,0.0349337197840214,0.025513319298625,0.0339000523090363,1.01703035831451"
"E000V00155,-72.56,-48.471,0.0185649357736111,0.0220316220074892,0.0249881353229284,0.0301328487694263,0.0317849218845367,0.0216036196798086,0.0299345441162586,1.01392018795013"
"E000V00206,-73.941,-48.958,0.0163100007921457,0.0173506420105696,0.0200729258358479,0.0214811470359564,0.0228615663945675,0.014464826323092,0.0226534735411406,1.01049625873566"
"E000V00207,-73.57,-51.07,1.02337038516998,0.0476437099277973,0.0234192050993443,0.0239943023771048,0.0246882550418377,0.014483954757452,0.0245858393609524,0.0623823329806328"
"E000V00158,-72.967,-51.184,1.96812689304352,0.98182475566864,0.0128524098545313,0.0131567679345608,0.0134888496249914,0.00787949841469526,0.0134207401424646,0.990308701992035"
"E000V00159,-71.164,-52.309,0.0873342975974083,0.0205439291894436,0.0199781972914934,0.0202543307095766,0.0204500127583742,0.0116656916216016,0.0203599017113447,0.98465222120285"
"E000V00161,-70.361,-52.432,0.965106964111328,0.0409619361162186,0.0291215181350708,0.0294298753142357,0.029527734965086,0.0166922472417355,0.0294050853699446,0.061634574085474"
"E000V00160,-71.505,-52.601,0.931074798107147,0.018436536192894,0.0180335454642773,0.0182597450911999,0.018407516181469,0.0104783270508051,0.0183420907706022,0.988296329975128"
"E000V00162,-69.27,-52.8,1.98549556732178,0.994433641433716,0.00509773241356015,0.00513769220560789,0.00511995144188404,0.00286964140832424,0.00510111358016729,0.00709717674180865"
"E000520006,-70.839,-53.002,0.488899260759354,0.173305496573448,0.148761436343193,0.150163888931274,0.150349766016006,0.084849938750267,0.149906128644943,0.419678419828415"
"E000530005,-70.326,-53.254,0.0291870683431625,0.0143408225849271,0.00957243051379919,0.00964984763413668,0.00962533056735992,0.00540888262912631,0.00959930382668972,0.0171837322413921"
"E000V00208,-71.38,-53.8,0.043756540864706,0.0255589466542006,0.0258263908326626,0.0260137468576431,0.0259488709270954,0.014592420309782,0.0259187612682581,0.0500173047184944"
"E000V00163,-68.804,-54.051,0.997675061225891,0.994068384170532,0.00805605296045542,0.00810050498694181,0.00799220893532038,0.00444708438590169,0.00797637831419706,0.0101093575358391"
"E000550001,-67.616,-54.932,0.0258608367294073,0.0254313703626394,0.022300748154521,0.0224057827144861,0.0218911860138178,0.0121210208162665,0.0218648687005043,0.0256964843720198"
